original_name,width,height,bytes,thumb_path,suggested_name,suggested_caption,markdown_placeholder
1373217c43b9f39c82d013f2ee0ecc4a.png,1920,1080,72360,thumbs/1373217c43b9f39c82d013f2ee0ecc4a_thumb.png,screenshot_01.png,,
29dea643714c49c87c4a972f23d61036.jpg,1280,720,60622,thumbs/29dea643714c49c87c4a972f23d61036_thumb.png,screenshot_02.png,,
2d9842e969bee7f3797d681a710d7e6b.jpg,1920,1080,107360,thumbs/2d9842e969bee7f3797d681a710d7e6b_thumb.png,screenshot_03.png,,
3625f49aac1b8dd8d020bb322c09e3cd.jpg,1280,720,67542,thumbs/3625f49aac1b8dd8d020bb322c09e3cd_thumb.png,screenshot_04.png,,
599770d50147028b0c9f5ac0a63f3109.jpg,1280,720,170951,thumbs/599770d50147028b0c9f5ac0a63f3109_thumb.png,screenshot_05.png,,
6e8f589c5acfb2684201f48ad4c0cf8f.png,1920,1080,99970,thumbs/6e8f589c5acfb2684201f48ad4c0cf8f_thumb.png,screenshot_06.png,,
761d40e454015802b6ce892fb41b55d5.png,1920,1080,239442,thumbs/761d40e454015802b6ce892fb41b55d5_thumb.png,screenshot_07.png,,
8ef518f44b529190c06006fea6f45b1a.jpg,1280,720,48896,thumbs/8ef518f44b529190c06006fea6f45b1a_thumb.png,screenshot_08.png,,
94a2fbbf3d69c25d35c78edcb3e8cc9a.jpg,1280,720,70236,thumbs/94a2fbbf3d69c25d35c78edcb3e8cc9a_thumb.png,screenshot_09.png,,
ac40a6ec77ce7b1ed3074e2d7dd10bed.jpg,1280,720,64302,thumbs/ac40a6ec77ce7b1ed3074e2d7dd10bed_thumb.png,screenshot_10.png,,
c715c613d806ae814fd305a02c8e3875.jpg,1280,720,45388,thumbs/c715c613d806ae814fd305a02c8e3875_thumb.png,screenshot_11.png,,
cb9653db40633a0efdb482087c7c0ca9.jpg,1280,720,45058,thumbs/cb9653db40633a0efdb482087c7c0ca9_thumb.png,screenshot_12.png,,
e314c0e61ca1610d9af9f095eea788c7.jpg,1280,720,65762,thumbs/e314c0e61ca1610d9af9f095eea788c7_thumb.png,screenshot_13.png,,
eabcc37d882cbdb27e109e891774cdb3.jpg,1280,720,58310,thumbs/eabcc37d882cbdb27e109e891774cdb3_thumb.png,screenshot_14.png,,
f3e17dd6a5013d389e6a401d0f0be3b5.png,1920,1080,60369,thumbs/f3e17dd6a5013d389e6a401d0f0be3b5_thumb.png,screenshot_15.png,,
f73b73a153e042ca31f09b1783824b2b.jpg,1280,720,49784,thumbs/f73b73a153e042ca31f09b1783824b2b_thumb.png,screenshot_16.png,,
f82a04cb1d13094fa69df8e9a23023a2.jpg,1280,720,86494,thumbs/f82a04cb1d13094fa69df8e9a23023a2_thumb.png,screenshot_17.png,,
